ACOP,ATM,ATMFCM,ATMRMB,Address,CDM,CHQ,CHQCUT,CS,Code,Disable,HourAMB,HourRemark,HourSat,HourSun,HourWeekdays,Name,Outlet,SDB,SEC,SubDistrict,WM
True,True,False,False,77 Belcher's Street,True,True,5:30pm,True,296,True,24-hours,Accounts Opening or Enquiry (Personal) / Counter Service /  Wealth Management,09:00 - 13:00,,09:00 - 17:00,Kennedy Town Branch,BR,False,False,H01,True
False,True,False,True,MTR Kennedy Town Station (Near Escalator to Exit A) (With Voice Navigation ATM),True,True,6:00pm,False,NA,True,Around 06:00 - midnight 01:00 (Follows Station First/Last Trains Service Hours),,,,,MTR Kennedy Town Station,,False,False,H01,False
False,True,False,False,"Shop 4, G/F, 363 Des Voeux Road West (With Voice Navigation ATM)",True,True,5:30pm,False,NA,True,24 Hours,,,,,Shek Tong Tsui Automated Banking Centre,,False,False,H01,False
False,True,False,True,MTR HKU Station (Concourse) (With Voice Navigation ATM),True,True,6:00pm,False,NA,True,Around 06:00 - midnight 01:00 (Follows Station First/Last Trains Service Hours),,,,,MTR HKU Station,,False,False,H01,False
False,True,False,True,MTR Sai Ying Pun Station  (concourse),True,True,6:00pm,False,NA,True,Around 06:00 - midnight 01:00 (Follows Station First/Last Trains Service Hours),,,,,MTR Sai Ying Pun Station,,False,False,H01,False
True,True,False,False,52 Des Voeux Road West,True,True,5:00pm,True,273,False,"ATM & Cash Deposit Machine : 24-hours <br/> Cheque Deposit Machine : 09:00 - 17:00 (Mon. - Fri.) , 09:00 - 13:00 (Sat.)",Accounts Opening or Enquiry (Personal) / Counter Service /  Wealth Management /  Safe Deposit Box Service,09:00 - 13:00,,09:00 - 17:00,Des Voeux Road West Branch,BR,True,False,H01,True
True,True,False,False,"Shop 9-10, 1/F, Tung Ning Building, 251 Des Voeux Road Central",True,True,5:30pm,True,239,True,24-hours,Accounts Opening or Enquiry (Personal) / Counter Service /  Wealth Management,09:00 - 13:00,,09:00 - 17:00,Sheung Wan Branch,BR,False,False,H01,True
False,True,False,False,"Island Line, Sheung Wan Station (near Exit B)",True,False,N,True,331,False,Around 06:00 - midnight 01:00 (Follows Station First/Last Trains Service Hours),Counter Service,10:00 - 14:00,,10:00 - 18:00,MTR Sheung Wan Station (Central) (MTR Station Office),MTR,False,False,H01,False
False,True,False,False,"Island Line, Sheung Wan Station (near Exit E)",False,False,N,True,332,True,Around 06:00 - midnight 01:00 (Follows Station First/Last Trains Service Hours),Counter Service,10:00 - 14:00,,10:00 - 18:00,MTR Sheung Wan Station (East) (MTR Station Office),MTR,False,False,H01,False
False,True,False,False,MTR Sheung Wan Station (near Exit B),False,False,N,False,NA,True,Around 06:00 - midnight 01:00 (Follows Station First/Last Trains Service Hours),,,,,MTR Sheung Wan Station,,False,False,H01,False
True,True,True,False,83 Des Voeux Road Central (With Foreign Currency ATM & Voice Navigation ATM),True,True,5:00pm,True,280,True,"ATM : 24-hours<br/>Cash / Cheque Deposit Machine & Foreign Currency / RMB ATM : 09:00 - 19:00 (Mon. - Fri.) , 09:00 - 13:00 (Sat.)",Accounts Opening or Enquiry (Personal) / Counter Service /  Wealth Management / Securities Service / Safe Deposit Box Service,09:00 - 13:00,,09:00 - 17:00,Head Office,BR,True,True,H01,True
False,True,True,False,"MTR Hong Kong Station (L2 Concourse towards Airport) (With Foreign Currency ATM)<br/>MTR Hong Kong Station (LG, near Exit B)<br/>MTR Hong Kong Station (L3 Paid Concourse) (With Voice Navigation ATM)<br/>MTR Hong Kong Station (L3, Near Escalator to EXIT A/B)",True,True,6:00pm,False,NA,True,Around 06:00 - midnight 01:00 (Follows Station First/Last Trains Service Hours),,,,,MTR Hong Kong Station,,False,False,H01,False
False,True,True,False,MTR Central Station (near Exit B) (With Foreign Currency ATM)<br/>MTR Central Station (near Exit A) (With Voice Navigation ATM)<br/>MTR Central Station (near Exit J)<br/>MTR Central Station (paid concourse),True,True,6:00pm,False,NA,True,Around 06:00 - midnight 01:00 (Follows Station First/Last Trains Service Hours),,,,,MTR Central Station,,False,False,H01,False
False,True,False,True,MTR Admiralty Station (near Exit A)<br/>MTR Admiralty Station (near Exit C)<br/>MTR Admiralty Station (near Exit E) (With Voice Navigation ATM),True,True,6:00pm,False,NA,True,Around 06:00 - midnight 01:00 (Follows Station First/Last Trains Service Hours),,,,,MTR Admiralty Station,,False,False,H01,False
False,True,False,False,"Shop 2023, United Centre, 95 Queensway",True,True,5:30pm,False,NA,True,Subject to Mall Opening Hours,,,,,United Centre Automated Banking Cetnre,,False,False,H01,False
False,True,False,False,"Area B, 1/F, Central Government Offices, 2 Tim Mei Avenue, Admiralty",False,False,N,False,NA,True,Subject to Office Opening Hours,,,,,Central Government Offices,,False,False,H01,False
False,True,False,False,"1/F, Immigration Tower, No.7 Gloucester Road",True,False,N,False,NA,True,Subject to Mall Opening Hours,,,,,Immigration Tower,,False,False,H02,False
False,True,False,True,MTR Wan Chai Station (Concourse) (With Voice Navigation ATM)<br/>MTR Wan Chai Station (near Exit A1),True,False,N,False,NA,True,Around 06:00 - midnight 01:00 (Follows Station First/Last Trains Service Hours),,,,,MTR Wanchai Station,,False,False,H02,False
True,True,False,True,142 Johnston Road,True,True,5:30pm,True,225,True,24-hours,Accounts Opening or Enquiry (Personal) / Counter Service / Wealth Management / Safe Deposit Box Service,09:00 - 13:00,,09:00 - 17:00,Johnston Road Branch,BR,True,False,H02,True
True,True,False,True,"1/F, Allied Kajima Building, 138 Gloucester Road",True,True,5:30pm,True,289,True,Subject to Mall Opening Hours,Accounts Opening or Enquiry (Personal) / Counter Service / Wealth Management / Securities Service,09:00 - 13:00,,09:00 - 17:00,Wanchai Branch,BR,False,True,H02,True
False,True,True,False,"Shop G03, 388 Hennessy Road (With Foreign Currency ATM & Voice Navigation ATM)",True,True,5:30pm,False,NA,True,24-hours,,,,,Hennessy Road Automated Banking Centre,,False,False,H02,False
False,True,True,False,MTR Causeway Bay Station (near Exit F) (With Foreign Currency ATM & Voice Navigation ATM)<br/>MTR Causeway Bay Station  (near Exit B),True,True,6:00pm,False,NA,True,Around 06:00 - midnight 01:00 (Follows Station First/Last Trains Service Hours),,,,,MTR Causeway Bay Station,,False,False,H02,False
True,True,False,False,"Shop D & E, G/F & 1/F, Eton Tower, No.8 Hysan Avenue",True,True,5:30pm,True,769,True,24-hours,Accounts Opening or Enquiry (Personal) / Counter Service /  Wealth Management,09:00 - 13:00,,09:00 - 17:00,Hysan Avenue Branch,BR,False,False,H02,True
True,True,False,True,28 Yee Wo Street,True,True,5:30pm,True,933,True,24-hours,Accounts Opening or Enquiry (Personal) / Counter Service /  Wealth Management / Safe Deposit Box Service,09:00 - 13:00,,09:00 - 17:00,Causeway Bay Prestige & Preferred Banking Centre,PNP,True,False,H02,True
False,True,False,True,"St. Paul's Hospital - G/F, Block B",False,False,N,False,NA,True,24-hours,,,,,St. Paul's Hospital,,False,False,H02,False
False,True,False,False,"G/F, Sports Complex, 88 Caroline Hill Road, Causeway Bay",False,False,N,False,NA,True,24-hours,,,,,South China Athletic Association,,False,False,H02,False
False,True,False,False,Happy Valley Racecourse - Members Entrance<br/>Happy Valley Racecourse - Public Halls,False,False,N,False,NA,True,Subject to Racecourse Service Hours,,,,,Happy Valley Racecourse,,False,False,H02,False
True,True,False,False,76 Village Road,True,False,N,True,793,True,24-hours,Accounts Opening or Enquiry (Personal) / Counter Service /  Wealth Management / Safe Deposit Box Service,09:00 - 13:00,,09:00 - 17:00,Happy Valley Prestige & Preferred Banking Centre,PNP,True,False,H02,True
False,True,False,True,"Shop No.9 on the Ground Floor, The Jolly House, 16 Lin Fa Kung Street West, Tai Hang",True,False,N,False,NA,True,24-hours,,,,,Tai Hang Jolly House,,False,False,H03,False
False,True,False,False,MTR Tin Hau Station (near Exit A),False,False,N,True,336,True,Around 06:00 - midnight 01:00 (Follows Station First/Last Trains Service Hours),Counter Service,10:00 - 14:00,,10:00 - 18:00,MTR Tin Hau Station (MTR Station Office),MTR,False,False,H03,False
False,True,False,True,MTR Fortress Hill Station (near Exit A) (With Voice Navigation ATM),True,True,6:00pm,False,NA,True,Around 06:00 - midnight 01:00 (Follows Station First/Last Trains Service Hours),,,,,MTR Fortress Hill Station,,False,False,H03,False
True,True,False,False,233 Electric Road (With Voice Navigation ATM),True,True,5:30pm,True,782,True,24-hours,Accounts Opening or Enquiry (Personal) / Counter Service /  Wealth Management / Safe Deposit Box Service,09:00 - 13:00,,09:00 - 17:00,City Garden Prestige & Preferred Banking Centre,PNP,True,False,H03,True
True,True,False,True,335 King's Road,True,True,5:30pm,True,292,True,24-hours,Accounts Opening or Enquiry (Personal) / Counter Service /  Wealth Management / Securities Service / Safe Deposit Box Service,09:00 - 13:00,,09:00 - 17:00,North Point Branch,BR,True,True,H03,True
False,True,False,True,MTR North Point Station (Exit A),True,True,6:00pm,False,NA,True,Around 06:00 - midnight 01:00 (Follows Station First/Last Trains Service Hours),,,,,MTR North Point Station,,False,False,H03,False
False,True,False,False,"Upper Ground Floor, Fitfort, 560 King's Road, North Point, Hong Kong",True,True,5:30pm,False,NA,True,Subject to Mall Opening Hours,,,,,Fitfort,,False,False,H03,False
False,True,False,True,"1/F of Residential & Amenities Complex, HK Shue Yan University, 10 Wai Tsui Crescent, Braemar Hill, North Point (With Voice Navigation ATM)",False,False,N,False,NA,True,24-hours,,,,,Hong Kong Shue Yan University,,False,False,H03,False
False,True,False,False,MTR Quarry Bay Station (West) (With Voice Navigation ATM),False,False,N,False,NA,True,Around 06:00 - midnight 01:00 (Follows Station First/Last Trains Service Hours),,,,,MTR Quarry Bay Station (West),,False,False,H03,False
False,True,False,False,"2/F., Kerry Centre, 683 King's Road",True,False,N,False,NA,True,Subject to Mall Opening Hours,,,,,Kerry Centre,,False,False,H03,False
False,True,False,False,MTR Quarry Bay Station (East),False,False,N,False,NA,False,Around 06:00 - midnight 01:00 (Follows Station First/Last Trains Service Hours),,,,,MTR Quarry Bay Station (East),,False,False,H03,False
True,True,False,False,989 King's Road,True,True,5:30pm,True,220,False,24-hours,Accounts Opening or Enquiry (Personal) / Counter Service /  Wealth Management / Safe Deposit Box Service,09:00 - 13:00,,09:00 - 17:00,Quarry Bay Branch,BR,True,False,H03,True
False,True,False,False,"2/F of South Tower, Kornhill Plaza, 2 Kornhill Road, Quarry Bay",True,False,N,False,NA,True,Subject to Mall Opening Hours,,,,,Kornhill Plaza,,False,False,H03,False
False,True,False,False,"Area G, 1st Floor, Devon House, Taikoo Place, 979 King's Road",True,True,5:30 PM,False,NA,True,Subject to Mall Opening Hours,,,,,Taikoo Place Devon House Automated Banking Centre,,False,False,H03,False
False,True,False,True,MTR Tai Koo Station (near Exit B) (With Voice Navigation ATM)<br/>MTR Tai Koo Station (near Exit C),True,False,N,False,NA,True,Around 06:00 - midnight 01:00 (Follows Station First/Last Trains Service Hours),,,,,MTR Tai Koo Station,,False,False,H03,False
True,True,False,False,"Shop G408, G/F, Hsia Kung Mansion, 24 Taikoo Shing Road",True,False,N,True,270,True,24-hours,Accounts Opening or Enquiry (Personal) / Counter Service / Wealth Management,09:00 - 13:00,,09:00 - 17:00,Taikoo Shing Prestige & Preferred Banking Centre,PNP,False,False,H03,True
True,True,False,False,"Shop G15, G/F, Fu Shan Mansion, 25 Taikoo Shing Road",True,True,5:30pm,True,229,False,24-hours,Accounts Opening or Enquiry (Personal) / Counter Service /  Wealth Management,09:00 - 13:00,,09:00 - 17:00,Taikoo Shing Branch,BR,False,False,H03,True
False,True,False,True,MTR Sai Wan Ho Station (Concourse),False,False,N,False,NA,True,Around 06:00 - midnight 01:00 (Follows Station First/Last Trains Service Hours),,,,,MTR Sai Wan Ho Station,,False,False,H03,False
True,True,False,False,"Shop 6, 1/F, i-UniQ Residence, 295 Shau Kei Wan Road",True,False,N,True,223,True,24-hours,Accounts Opening or Enquiry (Personal) / Counter Service /  Wealth Management,09:00 - 13:00,,09:00 - 17:00,Shau Kei Wan Branch,BR,False,False,H03,True
False,True,False,False,MTR Shau Kei Wan Station (Exit D) (With Voice Navigation ATM),True,True,6:00pm,False,NA,True,Around 06:00 - midnight 01:00 (Follows Station First/Last Trains Service Hours),,,,,MTR Shau Kei Wan Station,,False,False,H03,False
False,True,False,False,MTR Heng Fa Chuen Station (near Exit A1),True,True,6:00pm,False,NA,True,Around 06:00 - midnight 01:00 (Follows Station First/Last Trains Service Hours),,,,,MTR Heng Fa Chuen Station,,False,False,H03,False
False,True,False,True,MTR Chai Wan Station (near Exit D) (With Voice Navigation ATM)  <br/>MTR Chai Wan Station (near Exit E),True,True,6:00pm,False,NA,True,Around 06:00 - midnight 01:00 (Follows Station First/Last Trains Service Hours),,,,,MTR Chai Wan Station,,False,False,H03,False
True,True,False,False,"G/F, Man Foong Industrial Building, 7 Cheung Lee Street",True,True,5:30pm,True,767,True,24-hours,Accounts Opening or Enquiry (Personal) / Counter Service /  Wealth Management,09:00 - 13:00,,09:00 - 17:00,Chai Wan Branch,BR,False,False,H03,True
False,True,False,False,"Shop 6, G/F, Cheerful Garden, Siu Sai Wan",True,True,5:30pm,False,NA,False,24-hours,,,,,Cheerful Garden Automated Banking Centre,,False,False,H03,False
False,True,False,False,"UG/F, Island Resort Mall, Siu Sai Wan",True,False,N,False,NA,True,Subject to Mall Opening Hours,,,,,Island Resort Mall,,False,False,H03,False
False,True,False,False,"Shop 8, G/F, Site 2, Aberdeen Centre",True,True,5:30pm,False,NA,True,Subject to Centre Opening Hours,,,,,Aberdeen Centre Automated Banking Centre,,False,False,H04,False
False,True,False,False,"G/F, Noble Square, 3 Wah Kwai Road, Aberdeen",True,False,N,False,NA,True,Subject to Mall Opening Hours,,,,,Noble Square,,False,False,H04,False
False,True,False,True,MTR Lei Tung Station (concourse),True,False,N,False,NA,True,Around 06:00 - midnight 01:00 (Follows Station First/Last Trains Service Hours),,,,,MTR Lei Tung Station,,False,False,H04,False
False,True,False,False,"Shop No.41A, Lei Chak House, Ap Lei Chau Estate (With Voice Navigation ATM)",True,False,N,False,NA,True,24-hours,,,,,Ap Lei Chau Estate,,False,False,H04,False
False,True,False,True,MTR South Horizons Station (paid concourse),True,False,,False,NA,True,Around 06:00 - midnight 01:00 (Follows Station First/Last Trains Service Hours),,,,,MTR South Horizons Station,,False,False,H04,False
False,True,False,False,"8, Shum Wan Road, Aberdeen, HK",False,False,N,False,NA,True,24-hours,,,,,Aberdeen Marina Club,,False,False,H04,False
False,True,False,True,MTR Wong Chuk Hang Station (near Exit B),True,True,6:00pm,False,NA,True,Around 06:00 - midnight 01:00 (Follows Station First/Last Trains Service Hours),,,,,MTR Wong Chuk Hang Station,,False,False,H04,False
False,True,False,True,MTR Ocean Park Station (near Exit A),True,False,,False,NA,True,Around 06:00 - midnight 01:00 (Follows Station First/Last Trains Service Hours),,,,,MTR Ocean Park Station,,False,False,H04,False
False,True,False,True,"Level 2, The Pulse, 28 Beach Road, Repulse Bay, Hong Kong",False,False,N,False,NA,True,Subject to Mall Opening Hours,,,,,The Pulse,,False,False,H04,False
False,True,False,False,"G/F, Officers’ Club Correctional Services Dept., 51 Tung Tau Wan Road, Stanley",False,False,,False,NA,True,24-hours,,,,,Stanley Officers' Club CSD,,False,False,H04,False
False,True,False,False,"G/F, Empire Centre, 68 Mody Road, Tsim Sha Tsui",True,True,5:30pm,False,NA,True,Subject to Mall Opening Hours,,,,,Empire Centre Automated Banking Centre,,False,False,K01,False
False,True,False,False,MTR East Tsim Sha Tsui Station (near Exit K) (With Voice Navigation ATM)<br/>MTR East Tsim Sha Tsui Station (near Exit P1),True,False,N,False,NA,True,Around 06:00 - midnight 01:00 (Follows Station First/Last Trains Service Hours),,,,,MTR East Tsim Sha Tsui Station,,False,False,K01,False
False,True,True,False,MTR Tsim Sha Tsui Station (Exit D) (With Foreign Currency ATM & Voice Navigation ATM)<br/>MTR Tsim Sha Tsui Station (Exit H)<br/>MTR Tsim Sha Tsui Station (Paid Concourse),True,True,6:00pm,False,NA,True,Around 06:00 - midnight 01:00 (Follows Station First/Last Trains Service Hours),,,,,MTR Tsim Sha Tsui Station,,False,False,K01,False
True,True,False,False,4 Hankow Road,True,True,5:00pm,True,295,False,"ATM : 24-hours <br/> Cash & Cheque Deposit Machine : 09:00 - 19:00 (Mon. - Fri.) , 09:00 - 13:00 (Sat.)",Accounts Opening or Enquiry (Personal) / Counter Service /  Wealth Management / Safe Deposit Box Service,09:00 - 13:00,,09:00 - 17:00,Hankow Road Branch,BR,True,False,K01,True
True,True,False,True,18 Carnarvon Road,True,True,5:30pm,True,286,False,24 Hours,Accounts Opening or Enquiry (Personal) / Counter Service /  Wealth Management / Safe Deposit Box Service,09:00 - 13:00,,09:00 - 17:00,Tsimshatsui Branch,BR,True,False,K01,True
False,True,False,True,MTR Jordan Station (near Exit A/B),True,True,6:00pm,True,306,True,Around 06:00 - midnight 01:00 (Follows Station First/Last Trains Service Hours),Counter Service,10:00 - 14:00,,10:00 - 18:00,MTR Jordan Station (MTR Station Office),MTR,False,False,K01,False
False,True,False,False,MTR Jordan Station (near Exit C)<br/>MTR Jordan Station (near Exit E) (With Voice Navigation ATM),False,False,,False,NA,True,Around 06:00 - midnight 01:00 (Follows Station First/Last Trains Service Hours),,,,,MTR Jordan Station,,False,False,K01,False
True,True,False,False,363 Nathan Road,True,True,5:00pm,True,284,False,"ATM : 24-hours <br/>Cash & Cheque Deposit Machine : 09:00 - 19:00 (Mon. - Fri.) , 09:00 - 13:00 (Sat.)",Accounts Opening or Enquiry (Personal) / Counter Service /  Wealth Management / Securities Service / Safe Deposit Box Service,09:00 - 13:00,,09:00 - 17:00,Yaumati Branch,BR,True,True,K01,True
False,True,False,True,MTR Yau Ma Tei Station (near Exit A)<br/>MTR Yau Ma Tei Station (near Exit D) (With Voice Navigation ATM),True,True,6:00pm,False,NA,True,Around 06:00 - midnight 01:00 (Follows Station First/Last Trains Service Hours),,,,,MTR Yau Ma Tei Station,,False,False,K01,False
True,True,False,False,618 Nathan Road,True,True,5:00pm,True,293,False,"Multi Function ATM : 24-hours <br/> Cash & Cheque Deposit Machine : 09:00 - 19:00 (Mon. - Fri.) , 09:00 - 13:00 (Sat.)",Accounts Opening or Enquiry (Personal) / Counter Service /  Wealth Management / Securities Service / Safe Deposit Box Service,09:00 - 13:00,,09:00 - 17:00,Kowloon Main Branch,BR,True,True,K01,True
True,True,False,False,86 Waterloo Road,True,True,5:30pm,True,922,True,24 Hours,Accounts Opening or Enquiry (Personal) / Counter Service /  Wealth Management  / Safe Deposit Box Service,09:00 - 13:00,,09:00 - 17:00,Waterloo Road Prestige & Preferred Banking Centre,PNP,True,False,K01,True
False,True,False,True,"G/F, Hang Seng 113, 113 Argyle Street, Mongkok",True,True,5:30pm,False,NA,True,24-hours,,,,,Hang Seng 113 Automated Banking Centre,,False,False,K01,False
False,True,False,True,MTR Mong Kok East Station (Paid concourse) (With Voice Navigation ATM),True,True,6:00pm,False,NA,True,Around 06:00 - midnight 01:00 (Follows Station First/Last Trains Service Hours),,,,,MTR Mong Kok East Station,,False,False,K01,False
False,True,False,True,"Shop 146A Level, MOKO",True,False,N,False,NA,True,Subject to Mall Opening Hours,,,,,MOKO,,False,False,K01,False
False,True,False,False,MTR Mong Kok Station (near Exit D) (With Voice Navigation ATM),True,True,6:00pm,False,NA,True,Around 06:00 - midnight 01:00 (Follows Station First/Last Trains Service Hours),,,,,MTR Mong Kok Station,,False,False,K01,False
True,True,True,False,677 Nathan Road (With Foreign Currency ATM & Voice Navigation ATM),True,True,5:30pm,True,929,True,24 Hours,Accounts Opening or Enquiry (Personal) / Counter Service /  Wealth Management / Safe Deposit Box Service,09:00 - 13:00,,09:00 - 17:00,Mongkok Prestige & Preferred Banking Centre,PNP,True,False,K01,True
True,True,False,True,"Shop 4, Foo Tat Building, G/F 50 Soy Street",True,False,N,False,935,True,Mon. - Sun. : 11:30 - 19:30,Accounts Opening or Enquiry (Personal) <br/> Know more on iPoint <a target='_blank' href='http://www.hangseng.com/iPoint'>www.hangseng.com/iPoint</a>,11:30 - 19:30,11:30 - 19:30,11:30 - 19:30,Mongkok Sales & Service Centre,iPoint,False,False,K01,False
False,True,False,False,"G/F., Ming Tai House, 1 Ivy Street., Tai Kok Tsui",True,True,5:30pm,False,NA,False,24 Hours,,,,,Tai Kok Tsui Automated Banking Centre,,False,False,K01,False
False,True,False,True,"Shop No.1, G/F, Tai Shing Building, 70-86 Ivy Street, Kowloon",True,True,5:30pm,False,NA,True,24 Hours,,,,,Ivy Street Automated Banking Centre,,False,False,K01,False
False,True,True,False,MTR Prince Edward Station (near Exit A) (With Foreign Currency ATM)<br/>MTR Prince Edward Station (concourse) (With Voice Navigation ATM),True,True,6:00pm,False,NA,True,Around 06:00 - midnight 01:00 (Follows Station First/Last Trains Service Hours),,,,,MTR Prince Edward Station,,False,False,K01,False
True,True,False,True,141 Prince Edward Road,True,True,5:30pm,True,232,True,24 Hours,Accounts Opening or Enquiry (Personal) / Counter Service /  Wealth Management,09:00 - 13:00,,09:00 - 17:00,141 Prince Edward Road Branch,BR,False,False,K01,True
False,True,False,False,MTR Kowloon Station (near Exit C),True,True,6:00pm,True,757,True,Around 06:00 - midnight 01:00 (Follows Station First/Last Trains Service Hours),Counter Service,10:00 - 14:00,,10:00 - 18:00,MTR Kowloon Station (MTR Station Office),MTR,False,False,K01,False
False,True,False,True,"Metal Area, Second level, 1 Austin Rd W, Tsim Sha Tsui",True,False,N,False,NA,True,Subject to Mall Opening Hours,,,,,Element,,False,False,K01,False
False,True,False,True,"West Kowloon Station, basement 2 arrival concourse",True,False,N,False,NA,True,Around 06:00 - midnight 01:00 (Follows Station First/Last Trains Service Hours),,,,,Hong Kong West Kowloon Station,,False,False,K01,False
False,True,False,True,MTR Austin Station (near Exit B3),True,False,,False,NA,True,Around 06:00 - midnight 01:00 (Follows Station First/Last Trains Service Hours),,,,,MTR Austin Station,,False,False,K01,False
False,True,False,False,MTR  Olympic Station  (near Exit B)<br/>MTR Olympic Station (near Exit E) (With Voice Navigation ATM),True,True,6:00pm,False,NA,True,Around 06:00 - midnight 01:00 (Follows Station First/Last Trains Service Hours),,,,,MTR Olympic Station,,False,False,K01,False
False,True,False,True,MTR Shek Kip Mei Station (near Exit B)<br/>MTR Shek Kip Mei Station (near Exit C) (With Voice Navigation ATM),True,False,N,False,NA,True,Around 06:00 - midnight 01:00 (Follows Station First/Last Trains Service Hours),,,,,MTR Shek Kip Mei Station,,False,False,K02,False
False,True,False,True,Main Entrance of Ancillary Facilities Block of Shek Kip Mei Estate (With Voice Navigation ATM),False,False,N,False,NA,True,24-hours,,,,,Shek Kip Mei Estate,,False,False,K02,False
False,True,False,False,MTR Sham Shui Po Station (Exit A) (With Voice Navigation ATM),True,True,6:00pm,False,NA,True,Around 06:00 - midnight 01:00 (Follows Station First/Last Trains Service Hours),,,,,MTR Sham Shui Po Station,,False,False,K02,False
True,True,False,False,151 Pei Ho Street,True,True,5:00pm,True,329,False,"ATM & Cash Deposit Machine : 24-hours <br/> Cheque Deposit Machine : 09:00 - 17:00 (Mon. - Fri.) , 09:00 - 13:00 (Sat.)",Accounts Opening or Enquiry (Personal) / Counter Service /  Wealth Management / Safe Deposit Box Service,09:00 - 13:00,,09:00 - 17:00,Pei Ho Street Branch,BR,True,False,K02,True
False,True,False,True,"Shop No.1, G/F, Heya Aqua, 397 Un Chau Street, Cheung Sha Wan (With Voice Navigation ATM)",True,True,5:30pm,False,NA,True,24 Hours,,,,,Un Chau Street Automated Banking Centre,,False,False,K02,False
True,True,False,False,"Shop M02, Cheung Sha Wan Plaza",True,True,5:00pm,True,368,True,"09:00 - 17:00 (Mon. - Fri.) , 09:00 - 13:00 (Sat.)",Accounts Opening or Enquiry (Personal) / Counter Service /  Wealth Management,09:00 - 13:00,,09:00 - 17:00,Cheung Sha Wan Plaza Branch,BR,False,False,K02,True
False,True,False,False,MTR Cheung Sha Wan Station (near Exit A),True,True,6:00pm,False,NA,True,Around 06:00 - midnight 01:00 (Follows Station First/Last Trains Service Hours),,,,,MTR Cheung Sha Wan Station,,False,False,K02,False
False,True,False,False,"17 Cheung Shun Street, Cheung Sha Wan",True,False,N,False,NA,True,Subject to Mall Opening Hours,,,,,The Maxim's Centre,,False,False,K02,False
False,True,False,False,MTR Lai Chi Kok Station (near Exit A),False,False,N,True,322,True,Around 06:00 - midnight 01:00 (Follows Station First/Last Trains Service Hours),Counter Service,10:00 - 14:00,,10:00 - 18:00,MTR Lai Chi Kok Station (MTR Station Office),MTR,False,False,K02,False
False,True,False,True,MTR Lai Chi Kok Station (near Exit D) (With Voice Navigation ATM),False,False,N,False,NA,True,Around 06:00 - midnight 01:00 (Follows Station First/Last Trains Service Hours),,,,,MTR Lai Chi Kok Station,,False,False,K02,False
False,True,False,False,MTR Mei Foo Station (near Exit B) (With Voice Navigation ATM)<br/>MTR Mei Foo Station (West Rail Line paid concourse),True,False,N,False,NA,True,Around 06:00 - midnight 01:00 (Follows Station First/Last Trains Service Hours),,,,,MTR Mei Foo Station,,False,False,K02,False
True,True,False,False,10 Nassau Street,True,True,5:30pm,True,254,True,24-hours,Accounts Opening or Enquiry (Personal) / Counter Service / Wealth Management,09:00 - 13:00,,09:00 - 17:00,Mei Foo Sun Chuen (Nassau Street) Branch,BR,False,False,K02,True
False,True,False,False,MTR Nam Cheong Station (near Exit D)<br/>MTR Nam Cheong Station (paid concourse) (With Voice Navigation ATM),True,False,N,False,NA,True,Around 06:00 - midnight 01:00 (Follows Station First/Last Trains Service Hours),,,,,MTR Nam Cheong Station,,False,False,K02,False
False,True,False,True,MTR Kowloon Tong Station  (near Exit E)<br/>MTR Kowloon Tong Station  (East Rail Line near Exit H)<br/>MTR Kowloon Tong Station  (paid concourse near Exit C)<br/>MTR MTR Kowloon Tong Station (paid concourse) (With Voice Navigation ATM),True,True,6:00pm,False,NA,True,Around 06:00 - midnight 01:00 (Follows Station First/Last Trains Service Hours),,,,,MTR Kowloon Tong Station,,False,False,K03,False
True,True,False,True,"Level 3, Academic Building, City University of HK",True,True,5:30pm,True,359,True,24 Hours,Accounts Opening or Enquiry (Personal) / Counter Service /  Wealth Management,,,09:00 - 17:00,City University Branch,BR,False,False,K03,True
False,True,False,False,"4/F, Amenities Building, City University of Hong Kong",False,False,N,False,NA,True,24-hours,,,,,City University,,False,False,K03,False
True,True,False,True,"4/F, Sir Run Run Shaw Building, HK Baptist University",True,False,,True,366,True,24 Hours,Accounts Opening or Enquiry (Personal) / Counter Service /  Wealth Management,,,09:00 - 17:00,Baptist University Branch,BR,False,False,K03,True
False,True,False,False,"Level 3, Shaw Campus, The HK Baptist University, Renfrew Road",False,False,N,False,NA,False,24-hours,,,,,Baptist University,,False,False,K03,False
False,True,False,False,"3/F, Block A, Hong Kong Baptist Hospital, 222 Waterloo Road, Kowloon Tong<br/>Waiting Area, EG/F,Block E, Hong Kong Baptist Hospital",False,False,N,False,NA,True,24-hours,,,,,Hong Kong Baptist Hospital,,False,False,K03,False
False,True,False,False,"G/F, Hospital Authority Building, 147B Argyle Street",False,False,N,False,NA,True,24-hours,,,,,Hospital Authority Building,,False,False,K03,False
False,True,False,True,"327 Prince Edward Road, Kowloon",False,False,N,False,NA,True,24-hours,,,,,St. Teresa's Hospital,,False,False,K03,False
True,True,False,True,360 Prince Edward Road,True,True,5:30pm,True,285,False,24 Hours,Accounts Opening or Enquiry (Personal) / Counter Service /  Wealth Management / Safe Deposit Box Service,09:00 - 13:00,,09:00 - 17:00,Kowloon City Branch,BR,True,False,K03,True
False,True,False,False,"Shop A007, G/F, Ching Long Shopping Centre",True,True,5:30pm,False,NA,True,24 Hours,,,,,Ching Long Shopping Centre Automated Banking Centre,,False,False,K03,False
True,True,False,False,38 Tam Kung Road (With Voice Navigation ATM),True,True,5:30pm,True,230,True,24 Hours,Accounts Opening or Enquiry (Personal) / Counter Service /  Wealth Management,09:00 - 13:00,,09:00 - 17:00,Tam Kung Road Branch,BR,False,False,K03,True
True,True,False,False,33 To Kwa Wan Road  (With Voice Navigation ATM),True,True,5:00pm,True,298,True,"ATM : 24-hours <br/> Cash & Cheque Deposit Machine : 09:00 - 17:00 (Mon. - Fri.) , 09:00 - 13:00 (Sat.)",Accounts Opening or Enquiry (Personal) / Counter Service /  Wealth Management / Safe Deposit Box Service,09:00 - 13:00,,09:00 - 17:00,To Kwa Wan Branch,BR,True,False,K03,True
False,True,False,True,MTR Hung Hom Station (near Exit C3) (With Voice Navigation ATM),True,False,N,False,NA,True,Around 06:00 - midnight 01:00 (Follows Station First/Last Trains Service Hours),,,,,MTR Hung Hom Station,,False,False,K03,False
True,True,False,True,"Room VA207, The HK Polytechnic University",True,False,N,True,222,True,24-hours,Accounts Opening or Enquiry (Personal) / Counter Service /  Wealth Management,,,09:00 - 17:00,Polytechnic University Branch,BR,False,False,K03,True
False,True,False,True,MTR Whampoa Station (near Exit B)<br/>MTR Whampoa Station (near Exit D) (With Voice Navigation ATM),True,True,6:00pm,False,NA,True,Around 06:00 - midnight 01:00 (Follows Station First/Last Trains Service Hours),,,,,MTR Whampoa Station,,False,False,K03,False
False,True,False,True,MTR Ho Man Tin Station (near Exit B) (With Voice Navigation ATM),True,True,6:00pm,False,NA,True,Around 06:00 - midnight 01:00 (Follows Station First/Last Trains Service Hours),,,,,MTR Ho Man Tin Station,,False,False,K03,False
True,True,False,False,21 Ma Tau Wai Road,True,True,5:00pm,True,276,True,"ATM : 24-hours <br/> Cash & Cheque Deposit Machine : 09:00 - 17:00 (Mon. - Fri.) , 09:00 - 13:00 (Sat.)",Accounts Opening or Enquiry (Personal) / Counter Service /  Wealth Management / Safe Deposit Box Service,09:00 - 13:00,,09:00 - 17:00,Hung Hom Branch,BR,True,False,K03,True
False,True,False,False,"Upper G/F, Laguna Mall, 8 Laguna Verde Avenue, Hung Hom",False,False,N,False,NA,True,24-hours,,,,,Laguna Mall,,False,False,K03,False
False,True,False,False,MTR Choi Hung Station (concourse),False,False,N,True,314,True,Around 06:00 - midnight 01:00 (Follows Station First/Last Trains Service Hours),Counter Service,10:00 - 14:00,,10:00 - 18:00,MTR Choi Hung Station (MTR Station Office),MTR,False,False,K04,False
False,True,False,False,MTR Choi Hung Station (near Exit C) (With Voice Navigation ATM),False,False,N,False,NA,True,Around 06:00 - midnight 01:00 (Follows Station First/Last Trains Service Hours),,,,,MTR Choi Hung Station,,False,False,K04,False
False,True,False,False,"Podium Level 1 Floor of the Shops Complex, Kingsford Terrace, No. 8 King Tung Street, Kowloon",True,False,,False,NA,True,Subject to Mall Opening Hours,,,,,Kingsford Terrace Shopping Centre,,False,False,K04,False
False,True,False,False,MTR Diamond Hill Station (near Exit C),True,True,6:00pm,False,NA,True,Around 06:00 - midnight 01:00 (Follows Station First/Last Trains Service Hours),,,,,MTR Diamond Hill Station,,False,False,K04,False
False,True,False,True,"Shop No. 103, Level 1, Plaza Hollywood",True,True,5:30pm,False,NA,True,Subject to Mall Opening Hours,,,,,Plaza Hollywood Automated Banking Centre,,False,False,K04,False
False,True,False,False,"Shop 101, G/F., Lung Poon Court Commercial Centre, Lung Poon Court, Diamond Hill",False,False,N,False,NA,True,24-hours,,,,,Lung Poon Court (Circle-K),,False,False,K04,False
True,True,False,False,56 Tseuk Luk Street,True,True,5:30pm,True,294,False,24 Hours,Accounts Opening or Enquiry (Personal) / Counter Service /  Wealth Management,09:00 - 13:00,,09:00 - 17:00,San Po Kong Branch,BR,False,False,K04,True
True,True,False,False,63 Fung Tak Road,True,False,N,True,240,False,24-hours,Accounts Opening or Enquiry (Personal) / Counter Service /  Wealth Management / Safe Deposit Box Service,09:00 - 13:00,,09:00 - 17:00,Tsz Wan Shan Branch,BR,True,False,K04,True
False,True,False,False,"Shop 539, Tsz Wan Shan Shopping Centre (With Voice Navigation ATM)",True,True,5:30pm,False,NA,True,Subject to Mall Opening Hours,,,,,Tsz Wan Shan Shopping Centre Automated Banking Centre,,False,False,K04,False
False,True,False,False,MTR Wong Tai Sin Station (near Exit D),True,False,N,True,312,True,Around 06:00 - midnight 01:00 (Follows Station First/Last Trains Service Hours),Counter Service,10:00 - 14:00,,10:00 - 18:00,MTR Wong Tai Sin Station (MTR Station Office),MTR,False,False,K04,False
False,True,False,False,MTR Wong Tai Sin Station (With Voice Navigation ATM) (near Exit C),False,False,N,False,NA,True,Around 06:00 - midnight 01:00 (Follows Station First/Last Trains Service Hours),,,,,MTR Wong Tai Sin Station,,False,False,K04,False
True,True,False,False,"Shop No.121A, Level 1, Wong Tai Sin Plaza",True,True,5:30PM,True,200,True,Subject to Mall Opening Hours,Accounts Opening or Enquiry (Personal) / Counter Service / Wealth Management / Securities Service,09:00 - 13:00,,09:00 - 17:00,Wong Tai Sin Branch,BR,False,True,K04,True
False,True,False,False,MTR Lok Fu Station (near Exit A),True,False,N,False,NA,True,Around 06:00 - midnight 01:00 (Follows Station First/Last Trains Service Hours),,,,,MTR Lok Fu Station,,False,False,K04,False
True,True,False,False,"Shop G202, Lok Fu Plaza",True,True,5:30pm,True,208,True,24 Hours,Accounts Opening or Enquiry (Personal) / Counter Service /  Wealth Management,09:00 - 13:00,,09:00 - 17:00,Lok Fu Plaza Branch,BR,False,False,K04,True
False,True,True,False,MTR Kowloon Bay Station Automated Banking Centre (Exit A) (With Foreign Currency ATM)<br/> MTR Kowloon Bay Station Exit A <br/> MTR Kowloon Bay Station Exit B (With Voice Navigation ATM),True,True,6:00pm,False,NA,True,Around 06:00 - midnight 01:00 (Follows Station First/Last Trains Service Hours),,,,,MTR Kowloon Bay Station,YFCM,False,False,K05,False
True,True,False,False,"Shop 1, G/F, FTLife Tower, No.18 Sheung Yuet Road",True,True,5:30pm,True,379,True,24-hours,Accounts Opening or Enquiry (Personal) / Counter Service / Wealth Management,09:00 - 13:00,,09:00 - 17:00,Kowloon Bay (Sheung Yuet Road) Branch,BR,False,False,K05,True
True,True,False,False,"Shop 3B, 1/F, Telford House",True,True,5:30pm,True,781,True,Subject to Mall Opening Hours,Accounts Opening or Enquiry (Personal) / Counter Service / Wealth Management,09:00 - 13:00,,09:00 - 17:00,Kowloon Bay Prestige & Preferred Banking Centre,PNP,False,False,K05,True
False,True,False,False,"Level 2, Telford Plaza I<br/>Common Lobby, Level 2, Telford Plaza II (With Voice Navigation ATM)",True,False,N,False,NA,True,Subject to Mall Opening Hours,,,,,Telford Plaza,,False,False,K05,False
False,True,False,True,"L2, Tower 2 Enterprise Square V, 38 Wang Chiu Road, Kowloon Bay",True,False,,False,NA,True,Subject to Mall Opening Hours,,,,,Megabox Automated Banking Centre,,False,False,K05,False
False,True,False,False,MTR Ngau Tau Kok Station (near Exit A) (With Voice Navigation ATM),True,False,N,False,NA,True,Around 06:00 - midnight 01:00 (Follows Station First/Last Trains Service Hours),,,,,MTR Ngau Tau Kok Station,,False,False,K05,False
True,True,False,False,5 Jordan Valley North Road,True,True,5:00pm,True,279,False,"ATM : 24-hours <br/> Cash & Cheque Deposit Machine : 09:00 - 19:00 (Mon. - Fri.) , 09:00 - 13:00 (Sat.)",Accounts Opening or Enquiry (Personal) / Counter Service /  Wealth Management / Safe Deposit Box Service,09:00 - 13:00,,09:00 - 17:00,Ngau Tau Kok Branch,BR,True,False,K05,True
False,True,False,True,MTR Kwun Tong Station (Exit B) (With Voice Navigation ATM)<br/> MTR Kwun Tong Station (concourse)<br/>MTR Kwun Tong Station (near Exit C),True,True,6:00 PM,False,NA,True,Around 06:00 - midnight 01:00 (Follows Station First/Last Trains Service Hours),,,,,MTR Kwun Tong Station,,False,False,K05,False
False,True,False,True,"Concourse Level, APM, Millenium City 5, 418 Kwun Tong Road",False,False,,False,NA,True,Subject to Mall Opening Hours,,,,,APM,,False,False,K05,False
False,True,False,False,"LG, APM, Millenium City 5, 418 Kwun Tong Road",True,True,5:30pm,False,NA,True,24-hours,,,,,APM Automated Banking Centre,,False,False,K05,False
False,True,False,False,"Shop 17, G/F, Kwun Tong Plaza, 68 Hoi Yuen Road, Kwun Tong, Kowloon",True,True,5:30pm,False,NA,True,Subject to Mall Opening Hours,,,,,Kwun Tong Plaza Automated Banking Centre,,False,False,K05,False
True,True,False,True,"G/F, Yen Sheng Centre, 64 Hoi Yuen Road",True,False,N,False,936,True,Mon. - Sat. : 11:30 - 19:30,Accounts Opening or Enquiry (Personal)<br/> Know more on iPoint <a target='_blank' href='http://www.hangseng.com/iPoint'>www.hangseng.com/iPoint</a>,11:30 - 19:30,,11:30 - 19:30,Kwun Tong Sales & Service Centre,iPoint,False,False,K05,False
True,True,False,True,55 Hoi Yuen Road,True,False,N,True,347,True,24-hours,Accounts Opening or Enquiry (Personal) / Counter Service / Wealth Management,09:00 - 13:00,,09:00 - 17:00,Hoi Yuen Road Branch,BR,False,False,K05,True
False,True,False,False,"Site opposite to Shop no. UG03, On Tat Shopping Centre",True,False,,False,NA,True,Subject to Mall Opening Hours,,,,,On Tat Shopping Centre,,False,False,K05,False
False,True,False,False,"2/F, Hiu Lai Shopping Centre, Hiu Lai Court, 21 Hiu Kwong Street, Kwun Tong (With Voice Navigation ATM)",False,False,N,False,NA,True,Subject to Mall Opening Hours,,,,,Hiu Lai Shopping Centre,,False,False,K05,False
False,True,False,False,"G/F, Lobby, 130 Hip Wo Street, Kwun Tong",False,False,N,False,NA,True,24-hours,,,,,United Christian Hospital,,False,False,K05,False
False,True,False,True,MTR  Lam Tin Station  (near Exit A),False,False,N,False,NA,True,Around 06:00 - midnight 01:00 (Follows Station First/Last Trains Service Hours),,,,,MTR Lam Tin Station,,False,False,K05,False
False,True,False,False,"Shop 50A, 1/F, Laguna Plaza, Lam Tin",True,True,5:30pm,False,NA,True,Subject to Mall Opening Hours,,,,,Laguna Plaza Automated Banking Centre,,False,False,K05,False
False,True,False,True,MTR Yau Tong Station (near Exit A1) (With Voice Navigation ATM),True,True,6:00pm,False,NA,True,Around 06:00 - midnight 01:00 (Follows Station First/Last Trains Service Hours),,,,,MTR Yau Tong Station,,False,False,K05,False
True,True,False,True,"Shop No. 103, First Floor, Domain, Yau Tong",True,False,N,False,942,True,Mon. - Sun. : 11:30 - 19:30,Accounts Opening or Enquiry (Personal) <br/>Know more on iPoint www.hangseng.com/iPoint,11:30 - 19:30,11:30 - 19:30,11:30 - 19:30,Yau Tong Sales and Service Centre,iPoint,False,False,K05,False
False,True,False,False,MTR Tai Wo Hau Station (near Exit A),True,False,,False,NA,False,Around 06:00 - midnight 01:00 (Follows Station First/Last Trains Service Hours),,,,,MTR Tai Wo Hau Station,,False,False,N01,False
True,True,False,False,MTR Tsuen Wan Station (near Exit C) (With Voice Navigation ATM),True,True,6:00pm,True,328,True,Around 06:00 - midnight 01:00 (Follows Station First/Last Trains Service Hours),Accounts Opening or Enquiry (Personal) / Counter Service /  Wealth Management,09:00 - 13:00,,09:00 - 17:00,MTR Tsuen Wan Station (MTR Station Office),MTR,False,False,N01,True
False,True,False,False,MTR Tsuen Wan Station  (near Exit A)<br/>MTR Tsuen Wan Station  (paid concourse),True,False,N,False,NA,True,Around 06:00 - midnight 01:00 (Follows Station First/Last Trains Service Hours),,,,,MTR Tsuen Wan Station,,False,False,N01,False
False,True,False,True,MTR Tsuen Wan West Station (near Exit E) (With Voice Navigation ATM),True,False,N,False,NA,True,Around 06:00 - midnight 01:00 (Follows Station First/Last Trains Service Hours),,,,,MTR Tsuen Wan West Station,,False,False,N01,False
False,True,False,False,"Shop No 5, Second Floor, Tsuen Kam Centre, Tsuen Wan",True,True,5:30pm,False,NA,True,Subject to Mall Opening Hours,,,,,Tsuen Kam Centre Automated Banking Centre,,False,False,N01,False
True,True,False,True,30 Tai Ho Road,True,True,5:30pm,True,276,True,24 Hours,Accounts Opening or Enquiry (Personal) / Counter Service / Wealth Management / Safe Deposit Box Service,09:00 - 13:00,,09:00 - 17:00,Tai Ho Road Branch,BR,True,False,N01,True
False,True,True,False,"Shop No. 1008, 1/F, KOLOUR Tsuen Wan I, 68 Chung On Street (With Foreign Currency ATM)",True,True,5:30pm,False,NA,True,Subject to Mall Opening Hours,,,,,Tsuen Wan KOLOUR Automated Banking Centre,,False,False,N01,False
False,True,False,False,"Shop D, Hang Seng Tsuen Wan Building, 48 Ham Tin Street",True,True,5:30pm,False,NA,True,24 Hours,,,,,Hang Seng Tsuen Wan Building Automated Banking Centre,,False,False,N01,False
False,True,False,False,"2/F, Tsuen Wan Plaza",False,False,N,False,NA,True,Subject to Mall Opening Hours,,,,,Tsuen Wan Plaza (YATA),,False,False,N01,False
False,True,False,True,"Shop G36, G/F., Panda Place, 3 Tsuen Wah Street, Tsuen Wan",True,True,5:30pm,False,NA,True,Subject to Mall Opening Hours,,,,,Panda Place Automated Banking Centre,,False,False,N01,False
False,True,False,False,"G/F, Cable Tower, 9 Hoi Shing Road",False,False,N,False,NA,True,24-hours,,,,,Cable TV Tower,,False,False,N01,False
False,True,False,False,"Shop No.G7A, Belvedere Garden Shopping Centre, 620 Castle Peak Road, Tsuen Wan",True,False,N,False,NA,True,Subject to Mall Opening Hours,,,,,Belvedere Garden Automated Banking Centre,,False,False,N01,False
False,True,False,False,"G/F, Hong Kong Adventist Hospital, 199 Tsuen King Circuit, Tsuen Wan, N.T., Hong Kong",False,False,N,False,NA,True,24-hours,,,,,Tsuen Wan Hong Kong Adventist Hospital,,False,False,N01,False
False,True,False,False,MTR Siu Hong Station (near Exit B),True,False,N,False,NA,True,Around 06:00 - midnight 01:00 (Follows Station First/Last Trains Service Hours),,,,,MTR Siu Hong Station,,False,False,N02,False
False,True,False,True,MTR Tuen Mun Station (near Exit F1) (With Voice Navigation ATM),True,False,N,False,NA,True,Around 06:00 - midnight 01:00 (Follows Station First/Last Trains Service Hours),,,,,MTR Tuen Mun Station,,False,False,N02,False
False,True,False,False,"Level 3, Leung King Plaza, 31 Tin King Road, Tuen Mun",True,False,N,False,NA,True,Subject to Mall Opening Hours,,,,,Leung King Plaza,,False,False,N02,False
False,True,False,False,"1/F, Market Complex, Tai Hing Estate, Tuen Mun",False,False,N,False,NA,True,24-hours,,,,,Tai Hing Estate,,False,False,N02,False
False,True,True,False,"Shop 36, Upper G/F, Tuen Mun Town Plaza, Phase II (With Foreign Currency ATM)",True,True,5:30PM,False,NA,True,Subject to Mall Opening Hours,,,,,Tuen Mun Town Plaza Automated Banking Centre,,False,False,N02,False
True,True,False,False,"Shops 6 & 7, Ming Wai Building, Nos. 4-26 Tuen Mun Heung Sze Wui Road",True,True,5:30pm,True,937,True,24-hours,Accounts Opening or Enquiry (Personal) / Counter Service /  Wealth Management,09:00 - 13:00,,09:00 - 17:00,Tuen Mun Heung Sze Wui Road Branch,BR,False,False,N02,True
False,True,False,False,"G/F Zone S, H.A.N.D.S Yau Oi Estate, Yau Oi Road, Tuen Mun",True,False,N,False,NA,True,Subject to Mall Opening Hours,,,,,H.A.N.D.S,,False,False,N02,False
False,True,False,False,MTR Tin Shui Wai Station (near Exit A),True,False,N,False,NA,True,Around 06:00 - midnight 01:00 (Follows Station First/Last Trains Service Hours),,,,,MTR Tin Shui Wai Station,,False,False,N03,False
False,True,False,False,"1/F, Tin Shing Shopping Centre, Tin Shing Court, Tin Shui Wai",True,False,N,False,NA,True,Subject to Mall Opening Hours,,,,,Tin Shing Shopping Centre,,False,False,N03,False
True,True,False,True,"Shop 122, 1/F, Fortune Kingswood, Phase II (With Voice Navigation ATM)",True,True,5:30pm,True,365,True,Subject to Mall Opening Hours,Accounts Opening or Enquiry (Personal) / Counter Service /  Wealth Management,09:00 - 13:00,,09:00 - 17:00,Fortune Kingswood Branch,BR,False,False,N03,True
False,True,False,False,Tin Shui Shopping Centre (With Voice Navigation ATM),False,False,N,False,NA,True,Subject to Mall Opening Hours,,,,,Tin Shui Shopping Centre,,False,False,N03,False
False,True,False,True,"G/F, T Town North, Tin Yuet Estate, 33 and 39 Tin Wah Road, Tin Shui Wai",True,False,N,False,NA,True,Subject to Mall Opening Hours,,,,,T Town North,,False,False,N03,False
False,True,False,False,Tin Chak Shopping Centre,True,False,N,False,NA,True,Subject to Mall Opening Hours,,,,,Tin Chak Shopping Centre,,False,False,N03,False
False,True,False,True,"Level 1, One Sky Mall, 8 Tin Sau Road, Tin Shui Wai",True,False,N,False,NA,True,Subject to Mall Opening Hours,,,,,One Sky Mall,,False,False,N03,False
False,True,False,False,"Open space near Shop No. 14, Hung Fuk Shopping Centre, Hung Fuk Estate, Yuen Long",True,False,N,False,NA,True,24 Hours,,,,,Hung Fuk Estate,,False,False,N03,False
False,True,False,False,MTR Long Ping Station (near Exit E) (With Voice Navigation ATM),True,False,N,False,NA,True,Around 06:00 - midnight 01:00 (Follows Station First/Last Trains Service Hours),,,,,MTR Long Ping Station,,False,False,N03,False
False,True,False,False,MTR Yuen Long Station (Concourse) (With Voice Navigation ATM),False,False,N,False,NA,True,Around 06:00 - midnight 01:00 (Follows Station First/Last Trains Service Hours),,,,,MTR Yuen Long Station,,False,False,N03,False
False,True,False,True,"G/F, YOHO Mall 1, 9 Yuen Long Street, Yuen Long",True,False,N,False,NA,True,Subject to Mall Opening Hours,,,,,YOHO MALL Automated Banking Centre,,False,False,N03,False
False,True,True,False,"G/F, No. 4 Kuk Ting Street, Yuen Long (With Foreign Currency ATM)",True,True,5:30pm,False,NA,True,24 Hours,,,,,Kuk Ting Street Automated Banking Centre,,False,False,N03,False
True,True,False,True,93 Castle Peak Road,False,False,N,True,920,False,ATM : 24-hours,Accounts Opening or Enquiry (Personal) / Counter Service /  Wealth Management / Safe Deposit Box Service,09:00 - 13:00,,09:00 - 17:00,Yuen Long Prestige & Preferred Banking Centre,PNP,True,False,N03,True
True,True,False,False,"1/F, Fu Ho Building, 5 Kau Yuk Road",True,True,5:30pm,True,771,False,24-hours,Accounts Opening or Enquiry (Personal) / Counter Service /  Wealth Management / Securities Service,09:00 - 13:00,,09:00 - 17:00,Yuen Long (Kau Yuk Road) Branch,BR,False,True,N03,True
False,True,False,False,"Pok Oi Hospital, Au Tau, Yuen Long",False,False,N,False,NA,True,24-hours,,,,,Pok Oi Hospital,,False,False,N03,False
False,True,False,False,MTR Kam Sheung Road Station (near Exit A) (With Voice Navigation ATM),True,False,N,False,NA,True,Around 06:00 - midnight 01:00 (Follows Station First/Last Trains Service Hours),,,,,MTR Kam Sheung Road Station,,False,False,N03,False
False,True,False,True,"Unit K4B, San Tin Shopping City, Yuen Long",True,False,,False,NA,True,Subject to Mall Opening Hours,,,,,San Tin Shopping City Automated Banking Centre,,False,False,N03,False
False,True,False,False,"Wonderland Villas, 9 Wah King Hill Road, next to Estate Office G/F",False,False,N,False,NA,True,24-hours,,,,,Wonderland Villas,,False,False,N04,False
False,True,False,False,MTR Kwai Hing Station (near Exit A)<br/>MTR Kwai Hing Station (near Exit B) (With Voice Navigation ATM),True,True,6:00pm,False,NA,True,Around 06:00 - midnight 01:00 (Follows Station First/Last Trains Service Hours),,,,,MTR Kwai Hing Station,,False,False,N04,False
True,True,False,False,"Shop B, 2/F, Sun Kwai Hing Plaza",True,True,5:00pm,True,374,True,"ATM & Cash Deposit Machine : 24-hours <br/>Cheque Deposit Machine : 09:00 - 19:00 (Mon. - Fri.) , 09:00 - 13:00 (Sat.)",Accounts Opening or Enquiry (Personal) / Counter Service /  Wealth Management,09:00 - 13:00,,09:00 - 17:00,Sun Kwai Hing Plaza Branch,BR,False,False,N04,True
False,True,False,False,"G/F, Kwai Chung Shopping Centre, Kwai Chung Estate",True,False,N,False,NA,True,Subject to Mall Opening Hours,,,,,Kwai Chung Shopping Centre,,False,False,N04,False
True,True,False,False,50 Shek Yam Road,True,True,5:30pm,True,274,False,24-hours,Accounts Opening or Enquiry (Personal) / Counter Service /  Wealth Management / Safe Deposit Box Service,09:00 - 13:00,,09:00 - 17:00,Sheung Kwai Chung Branch,BR,True,False,N04,True
False,True,False,False,MTR Kwai Fong Station  (near Exit A)<br/>MTR Kwai Fong Station (near Exit B)<br/>MTR Kwai Fong Station  (paid concourse),True,True,6:00PM,False,NA,True,Around 06:00 - midnight 01:00 (Follows Station First/Last Trains Service Hours),,,,,MTR Kwai Fong Station,,False,False,N04,False
True,True,False,False,"Shop No.473D-E, Level 4, Metroplaza",True,True,5:30pm,True,325,True,Subject to Mall Opening Hours,Accounts Opening or Enquiry (Personal) / Counter Service /  Wealth Management,09:00 - 13:00,,09:00 - 17:00,Metroplaza Branch,BR,False,False,N04,True
False,True,False,False,"Tsuen Wan Line, Lai King Station",False,False,N,True,324,True,Around 06:00 - midnight 01:00 (Follows Station First/Last Trains Service Hours),Counter Service,10:00 - 14:00,,10:00 - 18:00,MTR Lai King Station (MTR Station Office),MTR,False,False,N04,False
False,True,False,False,MTR Lai King Station (paid concourse) (With Voice Navigation ATM),False,False,N,True,NA,True,Around 06:00 - midnight 01:00 (Follows Station First/Last Trains Service Hours),,,,,MTR Lai King Station,,False,False,N04,False
False,True,True,False,MTR Tsing Yi Station  (near Exit A1) (With Foreign Currency ATM & Voice Navigation ATM)<br/>MTR Tsing Yi Station (near Exit B)<br/>MTR Tsing Yi Station  (near Exit F),True,True,6:00pm,False,NA,True,Around 06:00 - midnight 01:00 (Follows Station First/Last Trains Service Hours),,,,,MTR Tsing Yi Station,,False,False,N04,False
True,True,False,False,"Shop Unit G11-G14, Maritime Square",True,True,5:30pm,True,768,True,Subject to Mall Opening Hours,Accounts Opening or Enquiry (Personal) / Counter Service / Wealth Management,09:00 - 13:00,,09:00 - 17:00,Maritime Square Branch,BR,False,False,N04,True
False,True,False,False,"Shop 7, G/F, Shopping Centre, Tsing Yi Estate",False,False,N,False,NA,True,24-hours,,,,,Tsing Yi Estate,,False,False,N04,False
False,True,False,False,"Shop K2, Shopping Centre, Cheung Hang Estate",False,False,N,False,NA,True,24-hours,,,,,Cheung Hang Estate,,False,False,N04,False
False,True,False,False,"Ground Floor, Cheung Hong Shopping Centre No.1",False,False,N,False,NA,True,24-hours,,,,,Cheung Hong Shopping Centre,,False,False,N04,False
False,True,False,False,"Open space OS-2, G/F, Greenfield Garden Shopping Arcade, Tsing Yi",True,False,N,False,NA,True,Subject to Mall Opening Hours,,,,,Greenfield Garden Shopping Arcade,,False,False,N04,False
False,True,False,True,Unit No. 313 on G/F of the Passenger Clearance Building (Arrival Hall),True,False,N,False,NA,True,24-hours,,,,,Hong Kong Zhuhai Macao Bridge Automated Banking Centre,,False,False,N05,False
False,True,False,True,Unit No. 505C on 1/F of the Passenger Clearance Building (Departure Hall),False,False,N,False,NA,True,24-hours,,,,,Hong Kong Zhuhai Macao Bridge,,False,False,N05,False
False,True,False,True,MTR AsiaWorld-Expo Station (Paid concourse),False,False,N,False,NA,True,Around 06:00 - midnight 01:00 (Follows Station First/Last Trains Service Hours),,,,,MTR AsiaWorld-Expo Station,,False,False,N05,False
False,True,False,True,"2/F, Regal Airport Hotel",True,False,N,False,NA,True,24-hours,,,,,Regal Airport Hotel,,False,False,N05,False
False,True,False,True,MTR Tung Chung Station (near Exit B)<br/>MTR Tung Chung Station (concourse) (With Voice Navigation ATM),True,True,6:00PM,False,NA,True,Around 06:00 - midnight 01:00 (Follows Station First/Last Trains Service Hours),,,,,MTR Tung Chung Station,,False,False,N05,False
False,True,False,False,"Level 1, North Lantau Hospital",False,False,N,False,NA,True,24-hours,,,,,North Lantau Hospital,,False,False,N05,False
False,True,False,False,"No. 1 Kin Tung Road, Tung Chung, Lantau Island",True,False,N,False,NA,True,Subject to Mall Opening Hours,,,,,Caribbean Square,,False,False,N05,False
False,True,False,False,"Shop No.9, G/F, Ying Tung Shopping Centre, Ying Tung Estate, Tung Chung",True,False,N,False,NA,True,24-hours,,,,,Ying Tung Estate,Others,False,False,N05,False
False,True,False,True,"1/F, Discovery Bay North Plaza , Discovery Bay",True,False,N,False,NA,True,24-hours,,,,,Discovery Bay North Plaza,,False,False,N05,False
False,True,False,False,MTR Sunny Bay Station (Paid concourse),False,False,N,False,NA,True,Around 06:00 - midnight 01:00 (Follows Station First/Last Trains Service Hours),,,,,MTR Sunny Bay Station,,False,False,N05,False
False,True,False,False,MTR Disneyland Resort Station (Paid concourse),False,False,N,False,NA,False,Around 06:00 - midnight 01:00 (Follows Station First/Last Trains Service Hours),,,,,MTR Disneyland Resort Station,,False,False,N05,False
False,True,False,False,"G/F Bus Terminus Waiting Lounge , Park Island",True,False,N,False,NA,True,24-hours,,,,,Park Island,,False,False,N05,False
False,True,False,True,MTR Lo Wu Station (concourse),False,False,N,False,NA,True,Around 06:00 - midnight 01:00 (Follows Station First/Last Trains Service Hours),,,,,MTR Lo Wu Station,,False,False,N06,False
False,True,False,True,MTR Lok Ma Chau Station (paid concourse),False,False,N,False,NA,True,Around 06:00 - midnight 01:00 (Follows Station First/Last Trains Service Hours),,,,,MTR Lok Ma Chau Station,,False,False,N06,False
False,True,False,True,MTR Sheung Shui Station (concourse),True,True,6:00pm,False,NA,True,Around 06:00 - midnight 01:00 (Follows Station First/Last Trains Service Hours),,,,,MTR Sheung Shui Station,,False,False,N06,False
True,True,False,True,"Shop 1040-1042, Level 1, Sheung Shui Centre",True,False,N,False,934,True,Mon. - Sun. : 11:30 - 19:30,Accounts Opening or Enquiry (Personal) <br/> Know more on iPoint <a target='_blank' href='http://www.hangseng.com/iPoint'>www.hangseng.com/iPoint</a>,11:30 - 19:30,11:30 - 19:30,11:30 - 19:30,Sheung Shui Sales & Service Centre,iPoint,False,False,N06,False
False,True,False,False,"G/F, 5 San Hong Street, Sheung Shui (With Voice Navigation ATM)",True,True,5:30pm,False,NA,True,24-hours,,,,,San Hong Street Automated Banking Centre,,False,False,N06,False
False,True,False,True,MTR Fanling Station (concourse),True,False,,False,NA,True,Around 06:00 - midnight 01:00 (Follows Station First/Last Trains Service Hours),,,,,MTR Fanling Station,,False,False,N06,False
False,True,False,False,"Shop No. 119, 1/F, Wah Sum Shopping Centre, Wah Sum Estate, 18 Yat Ming Road, Fanling",True,True,5:30pm,False,NA,True,Subject to Mall Opening Hours,,,,,Wah Sum Shopping Centre Automated Banking Centre,,False,False,N06,False
False,True,False,False,"First Floor, Wah Ming Shopping Centre, 21 Wah Ming Road, Fanling",True,False,,False,NA,True,Subject to Mall Opening Hours,,,,,Wah Ming Shopping Centre,,False,False,N06,False
True,True,False,False,"9 Luen Hing Street, Luen Wo Market",True,True,5:00pm,True,237,False,"Multi Function ATM : 24-hours <br/>Cheque Deposit Machine : 09:00 - 19:00 (Mon. - Fri.) , 09:00 - 13:00 (Sat.)",Accounts Opening or Enquiry (Personal) / Counter Service /  Wealth Management / Safe Deposit Box Service,09:00 - 13:00,,09:00 - 17:00,Fanling Branch,BR,True,False,N06,True
False,True,False,True,"1/F, Regentville Shopping Mall, 8 Wo Mun Street, Luen Wo Hui, Fanling",True,True,5:30pm,False,NA,True,Subject to Mall Opening Hours,,,,,Regentville Shopping Mall Automated Banking Centre,,False,False,N06,False
False,True,False,False,MTR Tai Wo Station (near Exit A),True,False,N,False,NA,True,Around 06:00 - midnight 01:00 (Follows Station First/Last Trains Service Hours),,,,,MTR Tai Wo Station,,False,False,N07,False
False,True,False,False,MTR Tai Po Market Station (near Exit B),True,True,6:00pm,False,NA,True,Around 06:00 - midnight 01:00 (Follows Station First/Last Trains Service Hours),,,,,MTR Tai Po Market Station,,False,False,N07,False
True,True,False,False,35 Kwong Fuk Road,True,True,5:00pm,True,224,False,"ATM : 24-hours <br/> Cash & Cheque Deposit Machine : 09:00 - 19:00 (Mon. - Fri.) , 09:00 - 13:00 (Sat.)",Accounts Opening or Enquiry (Personal) / Counter Service /  Wealth Management,09:00 - 13:00,,09:00 - 17:00,Tai Po Branch,BR,False,False,N07,True
True,True,False,False,"48 Fortune Plaza, On Chee Road",True,True,5:30pm,True,356,True,24-hours,Accounts Opening or Enquiry (Personal) / Counter Service / Wealth Management,09:00 - 13:00,,09:00 - 17:00,Tai Po (On Chee Road) Branch,BR,False,False,N07,True
False,True,False,False,"Level1, Zone D, Tai Po Mega Mall",True,False,N,False,NA,True,Subject to Mall Opening Hours,,,,,Tai Po Mega Mall,,False,False,N07,False
False,True,False,False,"G/F, Fu Heng Shopping Centre, Tai Po",False,False,N,False,NA,True,Subject to Mall Opening Hours,,,,,Fu Heng Shopping Centre,,False,False,N07,False
False,True,False,False,"Room C-P-11C, Central Building, The Hong Kong Institute of Education",False,False,N,False,NA,True,24-hours,,,,,Education University of Hong Kong,,False,False,N07,False
True,True,False,False,"Room 101, John Fulton Centre, The Chinese University of HK",False,False,N,True,290,True,24-hours,Accounts Opening or Enquiry (Personal) / Counter Service /  Wealth Management,,,09:00 - 17:00,Chinese University Branch,BR,False,False,N08,True
False,True,False,True,"Lee Woo Sing College, Chinese University of Hong Kong<br/>G/F, John Fulton Centre, Chinese University of Hong Kong",True,False,N,False,NA,True,24-hours,,,,,Chinese University of Hong Kong,,False,False,N08,False
False,True,False,True,MTR University Station (near Exit B),True,True,6:00pm,False,NA,True,Around 06:00 - midnight 01:00 (Follows Station First/Last Trains Service Hours),,,,,MTR University Station,,False,False,N08,False
False,True,False,False,"Sport Complex, Hong Kong Sport Institute, 25 Yuen Wo Road, Sha Tin",False,False,,False,NA,True,Subject to Mall Opening Hours,,,,,Hong Kong Sport Institute,,False,False,N08,False
False,True,False,False,MTR Fo Tan Station (near Exit A),False,False,N,False,NA,False,Around 06:00 - midnight 01:00 (Follows Station First/Last Trains Service Hours),,,,,MTR Fo Tan Station,,False,False,N08,False
False,True,False,False,"Shop 19, 1/F, Shatin Galleria, 18 Shan Mei Street, Fo Tan",True,True,5:30pm,False,NA,True,Subject to Mall Opening Hours,,,,,Fo Tan Automated Banking Centre,,False,False,N08,False
False,True,False,False,Shatin Racecourse - Member Stand 2/F<br/>Shatin Racecourse - Members Entrance<br/>Shatin Racecourse - Public Halls<br/>Shatin Communications and Technology Centre,False,False,N,False,NA,True,24-hours,,,,,Shatin Racecourse,,False,False,N08,False
False,True,False,True,MTR Sha Tin Station (near Exit A4) (With Voice Navigation ATM),True,True,6:00pm,False,NA,True,Around 06:00 - midnight 01:00 (Follows Station First/Last Trains Service Hours),,,,,MTR Sha Tin Station,,False,False,N08,False
True,True,False,True,"Shop 72A-C and 73, Level 3, Lucky Plaza, 1-15 Wang Pok Street",True,False,N,False,941,True,Mon. - Sun. : 11:30 - 19:30,Accounts Opening or Enquiry (Personal) <br/>Know more on iPoint www.hangseng.com/iPoint,11:30 - 19:30,11:30 - 19:30,11:30 - 19:30,Shatin Sales and Service Centre,iPoint,False,False,N08,False
True,True,False,False,"Shop 18, Lucky Plaza, Wang Pok Street",True,True,5:30pm,True,259,False,24-hours,Accounts Opening or Enquiry (Personal) / Counter Service /  Wealth Management / Securities Service,09:00 - 13:00,,09:00 - 17:00,Shatin Branch,BR,False,True,N08,True
True,True,False,False,"Shop 141-143, Fortune City One",True,True,5:30pm,True,348,True,Subject to Mall Opening Hours,Accounts Opening or Enquiry (Personal) / Counter Service /  Wealth Management,09:00 - 13:00,,09:00 - 17:00,Shatin City One Branch,BR,False,False,N08,True
False,True,False,False,"Open space of 1/F, Yu Chui Shopping Centre, Yu Chui Court, Shatin",False,False,N,False,NA,True,Subject to Mall Opening Hours,,,,,Yu Chui Shopping Centre,,False,False,N08,False
False,True,False,False,"Shop No. 7 & 9, G/F, Ming Yiu Lau, Jat Min Chuen, Shatin",False,False,N,False,NA,True,24-hours,,,,,Jat Min Chuen (Circle-K),,False,False,N08,False
False,True,False,False,"3/F, Lift Lobby, Teaching Block, The Hang Seng University of Hong Kong, Hang Shin Link, Shatin",True,False,N,False,NA,True,24-hours,,,,,The Hang Seng University of Hong Kong,,False,False,N08,False
False,True,False,False,MTR Tai Wai Station  (near Exit A)<br/>MTR  Tai Wai Station  (paid concourse),True,True,6:00pm,False,NA,True,Around 06:00 - midnight 01:00 (Follows Station First/Last Trains Service Hours),,,,,MTR Tai Wai Station,,False,False,N08,False
True,True,False,False,33 Tai Wai Road,True,True,5:30pm,True,249,True,24-hours,Accounts Opening or Enquiry (Personal) / Counter Service / Wealth Management,09:00 - 13:00,,09:00 - 17:00,Tai Wai Branch,BR,False,False,N08,True
False,True,False,False,"18 Fu Kin Street, Tai Wai",False,False,N,False,NA,True,24-hours,,,,,Union Hospital,,False,False,N08,False
False,True,False,True,"Outside Shop Nos. 3230-32, Level 3, MOSTown",True,False,,False,NA,True,Subject to Mall Opening Hours,,,,,MOSTown,,False,False,N08,False
False,True,False,True,"Shop No. 2315, Level 2, MOSTown",True,True,5:30pm,False,NA,True,Subject to Mall Opening Hours,,,,,MOSTown Automated Banking Centre,,False,False,N08,False
False,True,False,False,MTR Ma On Shan Station (Paid concourse),True,False,N,False,NA,True,Around 06:00 - midnight 01:00 (Follows Station First/Last Trains Service Hours),,,,,MTR Ma On Shan Station,,False,False,N08,False
False,True,False,False,"Shop No.213, Level 2",True,False,N,False,NA,False,Subject to Mall Opening Hours,,,,,Ma On Shan Plaza,BR,False,False,N08,False
False,True,False,True,"Ground Floor, Double Cove Place, Lok Wu Sha, Ma On Shan",True,True,5:30pm,False,NA,True,Subject to Mall Opening Hours,,,,,Double Cove Place Automated Banking Centre,,False,False,N08,False
False,True,False,False,"2/F, We Go Mall, 16 Po Tai Street, Ma On Shan, N.T.",True,True,5:30 pm,False,NA,True,Subject to Mall Opening Hours,,,,,We Go Mall,Other,False,False,N08,False
False,True,False,False,MTR Tai Shui Hang Station (Concourse),False,False,N,False,NA,True,Around 06:00 - midnight 01:00 (Follows Station First/Last Trains Service Hours),,,,,MTR Tai Shui Hang Station,,False,False,N08,False
False,True,False,False,"Shopping Centre, Chevalier Garden, 2 Hang Shun Street, Ma On Shan",False,False,N,False,NA,True,Subject to Mall Opening Hours,,,,,Chevalier Garden,,False,False,N08,False
False,True,False,False,"Lobby, G/F, 33 A Kung Kok Street, Ma On Shan",False,False,N,False,NA,True,24-hours,,,,,Shatin Hospital,,False,False,N08,False
False,True,False,True,MTR Shek Mun Station (Paid concourse),True,True,6:00pm,False,NA,True,Around 06:00 - midnight 01:00 (Follows Station First/Last Trains Service Hours),,,,,MTR Shek Mun Station,,False,False,N08,False
False,True,False,True,MTR City One Station (near Exit C),True,False,N,False,NA,True,Around 06:00 - midnight 01:00 (Follows Station First/Last Trains Service Hours),,,,,MTR City One Station,,False,False,N08,False
False,True,False,True,MTR Sha Tin Wai Station (concourse),True,False,N,False,NA,True,Around 06:00 - midnight 01:00 (Follows Station First/Last Trains Service Hours),,,,,MTR Sha Tin Wai Station,,False,False,N08,False
False,True,False,True,MTR Tiu Keng Leng Station (near Exit A1) (With Voice Navigation ATM),True,True,6:00pm,False,NA,True,Around 06:00 - midnight 01:00 (Follows Station First/Last Trains Service Hours),,,,,MTR Tiu Keng Leng Station,,False,False,N09,False
False,True,False,True,MTR Tseung Kwan O Station (near Exit B) (With Voice Navigation ATM),True,True,6:00pm,False,NA,True,Around 06:00 - midnight 01:00 (Follows Station First/Last Trains Service Hours),,,,,MTR Tseung Kwan O Station,,False,False,N09,False
False,True,False,False,"Back of Shop G59-60, PopCorn 2, 8 Tong Chun Street, Tseung Kwan O",True,False,N,False,NA,True,Subject to Mall Opening Hours,,,,,Popcorn Automated Banking Centre,,False,False,N09,False
False,True,False,False,"Kiosk D, 2/F, Tseung Kwan O Plaza",True,False,N,False,NA,True,Subject to Mall Opening Hours,,,,,Tseung Kwan O Plaza,,False,False,N09,False
False,True,False,True,MTR LOHAS Park Station (near Exit C) (With Voice Navigation ATM),True,True,6:00pm,False,NA,True,Around 06:00 - midnight 01:00 (Follows Station First/Last Trains Service Hours),,,,,MTR LOHAS Park Station,,False,False,N09,False
False,True,False,True,MTR Hang Hau Station (near Exit B2) (With Voice Navigation ATM),True,True,6:00pm,False,NA,True,Around 06:00 - midnight 01:00 (Follows Station First/Last Trains Service Hours),,,,,MTR Hang Hau Station,,False,False,N09,False
True,True,False,False,"Shop 217C, Level 2, East Point City (With Voice Navigation ATM)",True,True,5:30pm,True,766,True,Subject to Mall Opening Hours,Accounts Opening or Enquiry (Personal) / Counter Service /  Wealth Management,09:00 - 13:00,,09:00 - 17:00,East Point City Branch,BR,False,False,N09,True
False,True,False,False,"2 Po Ning Lane, Tseung Kwan O",False,False,N,False,NA,True,24-hours,,,,,Tseung Kwan O Hospital,,False,False,N09,False
False,True,True,False,MTR Po Lam Station (near Exit A1) (With Foreign Currency ATM),True,True,6:00pm,False,NA,True,Around 06:00 - midnight 01:00 (Follows Station First/Last Trains Service Hours),,,,,MTR Po Lam Station,,False,False,N09,False
True,True,False,False,"Shop 211, Level 2, Metro City, Phase 1",True,True,5:30 PM,True,204,True,Subject to Mall Opening Hours,Accounts Opening or Enquiry (Personal) / Counter Service /  Wealth Management / Securities Service,09:00 - 13:00,,09:00 - 17:00,Metro City Branch,BR,False,True,N09,True
False,True,False,False,"ATM 09-10, Level 1, Metro City, Phase II, Tsuen Kwan O (With Voice Navigation ATM)",False,False,N,False,NA,True,Subject to Mall Opening Hours,,,,,MCP Central,,False,False,N09,False
True,True,False,False,HK University of Science & Technology,True,False,N,True,361,True,24-hours,Accounts Opening or Enquiry (Personal) / Counter Service /  Wealth Management,,,09:00 - 17:00,University of Science & Technology Branch,BR,False,False,N09,True
False,True,False,True,"G/F, Lobby, Academic Concourse, The University of Science & Technology<br/>Atrium, LSK Business Building, The University of Science & Technology",True,False,N,False,NA,True,24-hours,,,,,University of Science & Technology,,False,False,N09,False
True,True,False,True,"Shops UG18, UG19, UG20 & UG21, UG/F, Olympian City 1",True,True,5:30pm,True,939,True,24-hours,Accounts Opening or Enquiry (Personal) / Counter Service / Wealth Management,09:00 - 13:00,,09:00 - 17:00,Olympian City Branch,BR,False,False,K01,True
